<?xml version="1.0"?>
<doc>
    <assembly>
        <name>NuGetPackageExplorer</name>
    </assembly>
    <members>
        <member name="T:PackageExplorer.AboutWindow">
            <summary>
            Interaction logic for AboutWindow.xaml
            </summary>
            <summary>
            AboutWindow
            </summary>
        </member>
        <member name="M:PackageExplorer.AboutWindow.InitializeComponent">
            <summary>
            InitializeComponent
            </summary>
        </member>
        <member name="T:PackageExplorer.App">
            <summary>
            App
            </summary>
        </member>
        <member name="M:PackageExplorer.App.InitializeComponent">
            <summary>
            InitializeComponent
            </summary>
        </member>
        <member name="M:PackageExplorer.App.Main">
            <summary>
            Application Entry Point.
            </summary>
        </member>
        <member name="T:PackageExplorer.ContentViewerPane">
            <summary>
            Interaction logic for ContentViewerPane.xaml
            </summary>
            <summary>
            ContentViewerPane
            </summary>
        </member>
        <member name="M:PackageExplorer.ContentViewerPane.InitializeComponent">
            <summary>
            InitializeComponent
            </summary>
        </member>
        <member name="T:PackageExplorer.Controls.PdbInfoViewer">
            <summary>
            Interaction logic for PdbInfoViewer.xaml
            </summary>
            <summary>
            PdbInfoViewer
            </summary>
        </member>
        <member name="M:PackageExplorer.Controls.PdbInfoViewer.InitializeComponent">
            <summary>
            InitializeComponent
            </summary>
        </member>
        <member name="T:PackageExplorer.Controls.PdbSourcesViewer">
            <summary>
            Interaction logic for PdbSourcesViewer.xaml
            </summary>
            <summary>
            PdbSourcesViewer
            </summary>
        </member>
        <member name="M:PackageExplorer.Controls.PdbSourcesViewer.InitializeComponent">
            <summary>
            InitializeComponent
            </summary>
        </member>
        <member name="T:PackageExplorer.Controls.Spinner">
            <summary>
            Interaction logic for Spinner.xaml
            </summary>
            <summary>
            Spinner
            </summary>
        </member>
        <member name="M:PackageExplorer.Controls.Spinner.InitializeComponent">
            <summary>
            InitializeComponent
            </summary>
        </member>
        <member name="T:PackageExplorer.BooleanToVisibilityConverter">
            <summary>
            This BooleanToVisibility converter allows us to override the converted value when
            the bound value is false.
            
            The built-in converter in WPF restricts us to always use Collapsed when the bound 
            value is false.
            </summary>
        </member>
        <member name="T:PackageExplorer.FileEditor">
            <summary>
            FileEditor
            </summary>
        </member>
        <member name="M:PackageExplorer.FileEditor.InitializeComponent">
            <summary>
            InitializeComponent
            </summary>
        </member>
        <member name="T:PackageExplorer.FrameworkReferencesEditor">
            <summary>
            FrameworkReferencesEditor
            </summary>
        </member>
        <member name="M:PackageExplorer.FrameworkReferencesEditor.InitializeComponent">
            <summary>
            InitializeComponent
            </summary>
        </member>
        <member name="T:PackageExplorer.MainWindow">
            <summary>
            Interaction logic for MainWindow.xaml
            </summary>
            <summary>
            MainWindow
            </summary>
        </member>
        <member name="M:PackageExplorer.MainWindow.AskToSaveCurrentFile">
            <summary>
            Asks user to save the current file before doing something (e.g. exit, open a new file)
            </summary>
            <returns>true if user cancels the impending action</returns>
        </member>
        <member name="M:PackageExplorer.MainWindow.InitializeComponent">
            <summary>
            InitializeComponent
            </summary>
        </member>
        <member name="M:PackageExplorer.AssemblyFileViewer.GetMetadataEntriesOrderedByImportance(NuGetPe.AssemblyMetadata.AssemblyMetaDataInfo)">
            <summary>
            Gets all the metadata entries sorted by importance
            </summary>
        </member>
        <member name="T:PackageExplorer.PackageAnalyzerPane">
            <summary>
            Interaction logic for PackageAnalyzerPane.xaml
            </summary>
            <summary>
            PackageAnalyzerPane
            </summary>
        </member>
        <member name="M:PackageExplorer.PackageAnalyzerPane.InitializeComponent">
            <summary>
            InitializeComponent
            </summary>
        </member>
        <member name="T:PackageExplorer.PackageChooserDialog">
            <summary>
            Interaction logic for PackageChooserDialog.xaml
            </summary>
            <summary>
            PackageChooserDialog
            </summary>
        </member>
        <member name="M:PackageExplorer.PackageChooserDialog.InitializeComponent">
            <summary>
            InitializeComponent
            </summary>
        </member>
        <member name="T:PackageExplorer.PackageDetailActionsControl">
            <summary>
            Interaction logic for PackageDetailActionsControl.xaml
            </summary>
            <summary>
            PackageDetailActionsControl
            </summary>
        </member>
        <member name="M:PackageExplorer.PackageDetailActionsControl.InitializeComponent">
            <summary>
            InitializeComponent
            </summary>
        </member>
        <member name="T:PackageExplorer.PackageDetailControl">
            <summary>
            Interaction logic for PackageDetailControl.xaml
            </summary>
            <summary>
            PackageDetailControl
            </summary>
        </member>
        <member name="M:PackageExplorer.PackageDetailControl.InitializeComponent">
            <summary>
            InitializeComponent
            </summary>
        </member>
        <member name="T:PackageExplorer.PackageListItem">
            <summary>
            Interaction logic for PackageListItem.xaml
            </summary>
            <summary>
            PackageListItem
            </summary>
        </member>
        <member name="M:PackageExplorer.PackageListItem.InitializeComponent">
            <summary>
            InitializeComponent
            </summary>
        </member>
        <member name="T:PackageExplorer.PackageDependencyEditor">
            <summary>
            Interaction logic for PackageDependencyEditor.xaml
            </summary>
            <summary>
            PackageDependencyEditor
            </summary>
        </member>
        <member name="M:PackageExplorer.PackageDependencyEditor.InitializeComponent">
            <summary>
            InitializeComponent
            </summary>
        </member>
        <member name="T:PackageExplorer.PackageMetadataEditor">
            <summary>
            PackageMetadataEditor
            </summary>
        </member>
        <member name="M:PackageExplorer.PackageMetadataEditor.InitializeComponent">
            <summary>
            InitializeComponent
            </summary>
        </member>
        <member name="T:PackageExplorer.PackageReferencesEditor">
            <summary>
            PackageReferencesEditor
            </summary>
        </member>
        <member name="M:PackageExplorer.PackageReferencesEditor.InitializeComponent">
            <summary>
            InitializeComponent
            </summary>
        </member>
        <member name="T:PackageExplorer.PackageViewer">
            <summary>
            Interaction logic for PackageViewer.xaml
            </summary>
            <summary>
            PackageViewer
            </summary>
        </member>
        <member name="M:PackageExplorer.PackageViewer.InitializeComponent">
            <summary>
            InitializeComponent
            </summary>
        </member>
        <member name="T:PackageExplorer.PluginManagerDialog">
            <summary>
            PluginManagerDialog
            </summary>
        </member>
        <member name="M:PackageExplorer.PluginManagerDialog.InitializeComponent">
            <summary>
            InitializeComponent
            </summary>
        </member>
        <member name="T:PackageExplorer.PortableLibraryDialog">
            <summary>
            PortableLibraryDialog
            </summary>
        </member>
        <member name="M:PackageExplorer.PortableLibraryDialog.InitializeComponent">
            <summary>
            InitializeComponent
            </summary>
        </member>
        <member name="T:PackageExplorer.PublishPackageWindow">
            <summary>
            PublishPackageWindow
            </summary>
        </member>
        <member name="M:PackageExplorer.PublishPackageWindow.InitializeComponent">
            <summary>
            InitializeComponent
            </summary>
        </member>
        <member name="T:PackageExplorer.RenameWindow">
            <summary>
            Interaction logic for RenameWindow.xaml
            </summary>
            <summary>
            RenameWindow
            </summary>
        </member>
        <member name="M:PackageExplorer.RenameWindow.InitializeComponent">
            <summary>
            InitializeComponent
            </summary>
        </member>
        <member name="T:PackageExplorer.Resources">
            <summary>
              A strongly-typed resource class, for looking up localized strings, etc.
            </summary>
        </member>
        <member name="P:PackageExplorer.Resources.ResourceManager">
            <summary>
              Returns the cached ResourceManager instance used by this class.
            </summary>
        </member>
        <member name="P:PackageExplorer.Resources.Culture">
            <summary>
              Overrides the current thread's CurrentUICulture property for all
              resource lookups using this strongly typed resource class.
            </summary>
        </member>
        <member name="P:PackageExplorer.Resources.Dialog_CreatedByLabel">
            <summary>
              Looks up a localized string similar to Authors:.
            </summary>
        </member>
        <member name="P:PackageExplorer.Resources.Dialog_DependenciesLabel">
            <summary>
              Looks up a localized string similar to Dependencies:.
            </summary>
        </member>
        <member name="P:PackageExplorer.Resources.Dialog_DeterministicValidation">
            <summary>
              Looks up a localized string similar to Deterministic (dll/exe):.
            </summary>
        </member>
        <member name="P:PackageExplorer.Resources.Dialog_DevelopmentDependencyLabel">
            <summary>
              Looks up a localized string similar to Development Dependency:.
            </summary>
        </member>
        <member name="P:PackageExplorer.Resources.Dialog_DownloadingPackage">
            <summary>
              Looks up a localized string similar to Downloading package {0} {1}.
            </summary>
        </member>
        <member name="P:PackageExplorer.Resources.Dialog_Errors">
            <summary>
              Looks up a localized string similar to Errors.
            </summary>
        </member>
        <member name="P:PackageExplorer.Resources.Dialog_FrameworkAssembliesLabel">
            <summary>
              Looks up a localized string similar to Framework Assembly References:.
            </summary>
        </member>
        <member name="P:PackageExplorer.Resources.Dialog_HasCompilerFlags">
            <summary>
              Looks up a localized string similar to Compiler Flags:.
            </summary>
        </member>
        <member name="P:PackageExplorer.Resources.Dialog_Health">
            <summary>
              Looks up a localized string similar to Health:.
            </summary>
        </member>
        <member name="P:PackageExplorer.Resources.Dialog_IdLabel">
            <summary>
              Looks up a localized string similar to Id:.
            </summary>
        </member>
        <member name="P:PackageExplorer.Resources.Dialog_Information">
            <summary>
              Looks up a localized string similar to Information.
            </summary>
        </member>
        <member name="P:PackageExplorer.Resources.Dialog_InvalidPackageUrl">
            <summary>
              Looks up a localized string similar to The package URL {0} is invalid and can not be opened..
            </summary>
        </member>
        <member name="P:PackageExplorer.Resources.Dialog_LanguageLabel">
            <summary>
              Looks up a localized string similar to Language:.
            </summary>
        </member>
        <member name="P:PackageExplorer.Resources.Dialog_LicenceMeta">
            <summary>
              Looks up a localized string similar to License Meta:.
            </summary>
        </member>
        <member name="P:PackageExplorer.Resources.Dialog_LicenseExpression">
            <summary>
              Looks up a localized string similar to Expression:.
            </summary>
        </member>
        <member name="P:PackageExplorer.Resources.Dialog_LicenseExpressionVersion">
            <summary>
              Looks up a localized string similar to Expression Version:.
            </summary>
        </member>
        <member name="P:PackageExplorer.Resources.Dialog_MinVersionLabel">
            <summary>
              Looks up a localized string similar to Min client version:.
            </summary>
        </member>
        <member name="P:PackageExplorer.Resources.Dialog_MoreInfo">
            <summary>
              Looks up a localized string similar to Package Information.
            </summary>
        </member>
        <member name="P:PackageExplorer.Resources.Dialog_NoDependencyLabel">
            <summary>
              Looks up a localized string similar to No Dependencies.
            </summary>
        </member>
        <member name="P:PackageExplorer.Resources.Dialog_OpenFileFilter">
            <summary>
              Looks up a localized string similar to All supported files|*.nupkg;*.snupkg;*.nuspec|NuGet package file (*.nupkg)|*.nupkg|NuGet Symbols package file (*.snupkg)|*.snupkg|NuSpec file (*.nuspec)|*.nuspec.
            </summary>
        </member>
        <member name="P:PackageExplorer.Resources.Dialog_OwnersLabel">
            <summary>
              Looks up a localized string similar to Owners:.
            </summary>
        </member>
        <member name="P:PackageExplorer.Resources.Dialog_PublisherLabel">
            <summary>
              Looks up a localized string similar to Publisher:.
            </summary>
        </member>
        <member name="P:PackageExplorer.Resources.Dialog_ReportAbuse">
            <summary>
              Looks up a localized string similar to Report Abuse.
            </summary>
        </member>
        <member name="P:PackageExplorer.Resources.Dialog_RepositoryBranch">
            <summary>
              Looks up a localized string similar to Branch:.
            </summary>
        </member>
        <member name="P:PackageExplorer.Resources.Dialog_RepositoryCommit">
            <summary>
              Looks up a localized string similar to Commit:.
            </summary>
        </member>
        <member name="P:PackageExplorer.Resources.Dialog_RepositoryLabel">
            <summary>
              Looks up a localized string similar to Repository:.
            </summary>
        </member>
        <member name="P:PackageExplorer.Resources.Dialog_RepositoryType">
            <summary>
              Looks up a localized string similar to Type:.
            </summary>
        </member>
        <member name="P:PackageExplorer.Resources.Dialog_RepositoryUrl">
            <summary>
              Looks up a localized string similar to Url:.
            </summary>
        </member>
        <member name="P:PackageExplorer.Resources.Dialog_RequireLicenseLabel">
            <summary>
              Looks up a localized string similar to Requires License Acceptance:.
            </summary>
        </member>
        <member name="P:PackageExplorer.Resources.Dialog_SaveQuestion">
            <summary>
              Looks up a localized string similar to Do you want to save your changes?.
            </summary>
        </member>
        <member name="P:PackageExplorer.Resources.Dialog_ServiceableLabel">
            <summary>
              Looks up a localized string similar to Serviceable:.
            </summary>
        </member>
        <member name="P:PackageExplorer.Resources.Dialog_SetActivePackagePublishSource">
             <summary>
               Looks up a localized string similar to The external url wants to add a publish source to NuGet Package Explorer.
            
            Do you want to add &apos;{0}&apos; to the list of package publish sources?.
             </summary>
        </member>
        <member name="P:PackageExplorer.Resources.Dialog_ShowDetails">
            <summary>
              Looks up a localized string similar to Show details....
            </summary>
        </member>
        <member name="P:PackageExplorer.Resources.Dialog_SignatureValidation">
            <summary>
              Looks up a localized string similar to Signature:.
            </summary>
        </member>
        <member name="P:PackageExplorer.Resources.Dialog_SourceLinkValidation">
            <summary>
              Looks up a localized string similar to Source Link:.
            </summary>
        </member>
        <member name="P:PackageExplorer.Resources.Dialog_TagLabel">
            <summary>
              Looks up a localized string similar to Tags:.
            </summary>
        </member>
        <member name="P:PackageExplorer.Resources.Dialog_Title">
            <summary>
              Looks up a localized string similar to NuGet Package Explorer.
            </summary>
        </member>
        <member name="P:PackageExplorer.Resources.Dialog_TitleLabel">
            <summary>
              Looks up a localized string similar to Title:.
            </summary>
        </member>
        <member name="P:PackageExplorer.Resources.Dialog_ValidationNote">
            <summary>
              Looks up a localized string similar to Note: Dependencies are not checked by this tool..
            </summary>
        </member>
        <member name="P:PackageExplorer.Resources.Dialog_ValidationResult">
            <summary>
              Looks up a localized string similar to Validation Results:.
            </summary>
        </member>
        <member name="P:PackageExplorer.Resources.Dialog_ValidationResultTitle">
            <summary>
              Looks up a localized string similar to Package Validation Results.
            </summary>
        </member>
        <member name="P:PackageExplorer.Resources.Dialog_VersionLabel">
            <summary>
              Looks up a localized string similar to Version:.
            </summary>
        </member>
        <member name="P:PackageExplorer.Resources.Dialog_ViewLicense">
            <summary>
              Looks up a localized string similar to View License Terms.
            </summary>
        </member>
        <member name="P:PackageExplorer.Resources.Dialog_Warnings">
            <summary>
              Looks up a localized string similar to Warnings.
            </summary>
        </member>
        <member name="P:PackageExplorer.Resources.MoveContentFileToFolder">
            <summary>
              Looks up a localized string similar to Do you want to add the file &apos;{0}&apos; to &apos;{1}&apos; folder instead?.
            </summary>
        </member>
        <member name="P:PackageExplorer.Resources.MoveContentFileToFolderExplanation">
            <summary>
              Looks up a localized string similar to NuGet does not do anything special with files at the package root. The extension of this file indicates that it is intended to be placed in the &apos;{0}&apos; folder. .
            </summary>
        </member>
        <member name="P:PackageExplorer.Resources.NoFxDependencyGroup">
            <summary>
              Looks up a localized string similar to (not framework specific).
            </summary>
        </member>
        <member name="P:PackageExplorer.Resources.NoNetworkConnection">
            <summary>
              Looks up a localized string similar to Network connection is not detected..
            </summary>
        </member>
        <member name="P:PackageExplorer.Resources.PackageChooser_ActionDownload">
            <summary>
              Looks up a localized string similar to download.
            </summary>
        </member>
        <member name="P:PackageExplorer.Resources.PackageChooser_ActionHideAllVersions">
            <summary>
              Looks up a localized string similar to hide all versions.
            </summary>
        </member>
        <member name="P:PackageExplorer.Resources.PackageChooser_ActionOpen">
            <summary>
              Looks up a localized string similar to open.
            </summary>
        </member>
        <member name="P:PackageExplorer.Resources.PackageChooser_ActionShowAllVersions">
            <summary>
              Looks up a localized string similar to show all versions.
            </summary>
        </member>
        <member name="P:PackageExplorer.Resources.PackageChooser_AlternatePackage">
            <summary>
              Looks up a localized string similar to Alternate Package:.
            </summary>
        </member>
        <member name="P:PackageExplorer.Resources.PackageChooser_ClearSearchButtonTooltip">
            <summary>
              Looks up a localized string similar to Clear search.
            </summary>
        </member>
        <member name="P:PackageExplorer.Resources.PackageChooser_ColumnHeaderDownloads">
            <summary>
              Looks up a localized string similar to Downloads.
            </summary>
        </member>
        <member name="P:PackageExplorer.Resources.PackageChooser_ColumnHeaderPublished">
            <summary>
              Looks up a localized string similar to Published.
            </summary>
        </member>
        <member name="P:PackageExplorer.Resources.PackageChooser_ColumnHeaderVersion">
            <summary>
              Looks up a localized string similar to Version.
            </summary>
        </member>
        <member name="P:PackageExplorer.Resources.PackageChooser_Deprecated">
            <summary>
              Looks up a localized string similar to Deprecated:.
            </summary>
        </member>
        <member name="P:PackageExplorer.Resources.PackageChooser_DetailAuthors">
            <summary>
              Looks up a localized string similar to Author(s):.
            </summary>
        </member>
        <member name="P:PackageExplorer.Resources.PackageChooser_DetailDatePublished">
            <summary>
              Looks up a localized string similar to Date published:.
            </summary>
        </member>
        <member name="P:PackageExplorer.Resources.PackageChooser_DetailDescription">
            <summary>
              Looks up a localized string similar to Description.
            </summary>
        </member>
        <member name="P:PackageExplorer.Resources.PackageChooser_DetailLicense">
            <summary>
              Looks up a localized string similar to License:.
            </summary>
        </member>
        <member name="P:PackageExplorer.Resources.PackageChooser_DetailProjectUrl">
            <summary>
              Looks up a localized string similar to Project URL:.
            </summary>
        </member>
        <member name="P:PackageExplorer.Resources.PackageChooser_DetailReportAbuse">
            <summary>
              Looks up a localized string similar to Report Abuse:.
            </summary>
        </member>
        <member name="P:PackageExplorer.Resources.PackageChooser_DetailTags">
            <summary>
              Looks up a localized string similar to Tags:.
            </summary>
        </member>
        <member name="P:PackageExplorer.Resources.PackageChooser_DetailVersion">
            <summary>
              Looks up a localized string similar to Version:.
            </summary>
        </member>
        <member name="P:PackageExplorer.Resources.PackageChooser_PackageSource">
            <summary>
              Looks up a localized string similar to _Package source:.
            </summary>
        </member>
        <member name="P:PackageExplorer.Resources.PackageChooser_RefreshButtonTooltip">
            <summary>
              Looks up a localized string similar to Refresh.
            </summary>
        </member>
        <member name="P:PackageExplorer.Resources.PackageChooser_SearchBoxTooltip">
            <summary>
              Looks up a localized string similar to Search for package.
            </summary>
        </member>
        <member name="P:PackageExplorer.Resources.PackageChooser_SearchBoxWatermark">
            <summary>
              Looks up a localized string similar to Search (Ctrl+E).
            </summary>
        </member>
        <member name="P:PackageExplorer.Resources.PackageChooser_SearchButtonTooltip">
            <summary>
              Looks up a localized string similar to Search.
            </summary>
        </member>
        <member name="P:PackageExplorer.Resources.PackageChooser_ShowPreReleasePackages">
            <summary>
              Looks up a localized string similar to Show pre-release packages.
            </summary>
        </member>
        <member name="P:PackageExplorer.Resources.PackageChooser_WindowTitle">
            <summary>
              Looks up a localized string similar to Select Package.
            </summary>
        </member>
        <member name="P:PackageExplorer.Resources.PackageContentsVerifyError">
            <summary>
              Looks up a localized string similar to Failed to download package correctly. The contents of the package could not be verified..
            </summary>
        </member>
        <member name="P:PackageExplorer.Resources.PackageHasNoFile">
            <summary>
              Looks up a localized string similar to There are no contents or dependencies in the package..
            </summary>
        </member>
        <member name="P:PackageExplorer.Resources.ProxyConnectToMessage">
            <summary>
              Looks up a localized string similar to Connect to {0}.
            </summary>
        </member>
        <member name="P:PackageExplorer.Resources.Validation_Disallowed">
            <summary>
              Looks up a localized string similar to Disallowed.
            </summary>
        </member>
        <member name="P:PackageExplorer.Resources.Validation_HasUntrackedSources">
            <summary>
              Looks up a localized string similar to Contains untracked sources (obj).
            </summary>
        </member>
        <member name="P:PackageExplorer.Resources.Validation_InvalidSourceLink">
            <summary>
              Looks up a localized string similar to Invalid Source Link.
            </summary>
        </member>
        <member name="P:PackageExplorer.Resources.Validation_MissingCompilerFlags">
            <summary>
              Looks up a localized string similar to Missing.
            </summary>
        </member>
        <member name="P:PackageExplorer.Resources.Validation_MissingSourceLink">
            <summary>
              Looks up a localized string similar to Has Symbols, No Source Link.
            </summary>
        </member>
        <member name="P:PackageExplorer.Resources.Validation_MissingSymbols">
            <summary>
              Looks up a localized string similar to Missing Symbols.
            </summary>
        </member>
        <member name="P:PackageExplorer.Resources.Validation_NonDeterministic">
            <summary>
              Looks up a localized string similar to Non deterministic.
            </summary>
        </member>
        <member name="P:PackageExplorer.Resources.Validation_NothingToValidate">
            <summary>
              Looks up a localized string similar to No files found to validate.
            </summary>
        </member>
        <member name="P:PackageExplorer.Resources.Validation_Pending">
            <summary>
              Looks up a localized string similar to Pending.
            </summary>
        </member>
        <member name="P:PackageExplorer.Resources.Validation_Present">
            <summary>
              Looks up a localized string similar to Present.
            </summary>
        </member>
        <member name="P:PackageExplorer.Resources.Validation_Suspect">
            <summary>
              Looks up a localized string similar to Suspect.
            </summary>
        </member>
        <member name="P:PackageExplorer.Resources.Validation_Unknown">
            <summary>
              Looks up a localized string similar to Unknown.
            </summary>
        </member>
        <member name="P:PackageExplorer.Resources.Validation_Valid">
            <summary>
              Looks up a localized string similar to Valid.
            </summary>
        </member>
        <member name="P:PackageExplorer.Resources.Validation_ValidExternal">
            <summary>
              Looks up a localized string similar to Valid with Symbol Server.
            </summary>
        </member>
        <member name="T:PackageExplorer.SignPackageDialog">
            <summary>
            SignPackageDialog
            </summary>
        </member>
        <member name="M:PackageExplorer.SignPackageDialog.InitializeComponent">
            <summary>
            InitializeComponent
            </summary>
        </member>
        <member name="T:PackageExplorer.TaskShortcut">
            <summary>
            Interaction logic for TaskShortcut.xaml
            </summary>
            <summary>
            TaskShortcut
            </summary>
        </member>
        <member name="M:PackageExplorer.TaskShortcut.InitializeComponent">
            <summary>
            InitializeComponent
            </summary>
        </member>
        <member name="T:PackageExplorer.ValidationResultWindow">
            <summary>
            Interaction logic for AboutWindow.xaml
            </summary>
            <summary>
            ValidationResultWindow
            </summary>
        </member>
        <member name="M:PackageExplorer.ValidationResultWindow.InitializeComponent">
            <summary>
            InitializeComponent
            </summary>
        </member>
    </members>
</doc>
