<?xml version="1.0"?>
<doc>
    <assembly>
        <name>NuGetPackageExplorer.Core</name>
    </assembly>
    <members>
        <member name="T:Microsoft.SourceLink.Tools.SourceLinkMap">
            <summary>
            Source Link URL map. Maps file paths matching Source Link patterns to URLs.
            </summary>
        </member>
        <member name="M:Microsoft.SourceLink.Tools.SourceLinkMap.Parse(System.String)">
            <summary>
            Parses Source Link JSON string.
            </summary>
            <exception cref="T:System.ArgumentNullException"><paramref name="json"/> is null.</exception>
            <exception cref="T:System.IO.InvalidDataException">The JSON does not follow Source Link specification.</exception>
            <exception cref="T:System.Text.Json.JsonException"><paramref name="json"/> is not valid JSON string.</exception>
        </member>
        <member name="M:Microsoft.SourceLink.Tools.SourceLinkMap.TryGetUri(System.String,System.String@)">
            <summary>
            Maps specified <paramref name="path"/> to the corresponding URL.
            </summary>
            <exception cref="T:System.ArgumentNullException"><paramref name="path"/> is null.</exception>
        </member>
        <member name="P:NuGetPe.AssemblyMetadata.AssemblyDebugData.HasDebugInfo">
            <summary>
            True if we hae PDB data loaded
            </summary>
        </member>
        <member name="T:NuGetPe.AssemblyMetadata.AssemblyMetaDataInfo">
            <summary>
            Meta data of the assembly, 
            </summary>
        </member>
        <member name="M:NuGetPe.AssemblyMetadata.AssemblyMetaDataInfo.SetFullName(System.Reflection.AssemblyName)">
            <summary>
            Set Fullname of the assembly and determine strong name.
            </summary>
            <remarks>Helper</remarks>
        </member>
        <member name="M:NuGetPe.AssemblyMetadata.AssemblyMetaDataInfo.SetReferencedAssemblyNames(System.Collections.Generic.IEnumerable{System.Reflection.AssemblyName})">
            <summary>
            Set list of referenced assembly names.
            </summary>
        </member>
        <member name="M:NuGetPe.AssemblyMetadata.AssemblyMetaDataInfo.AddMetadata(System.String,System.String)">
            <summary>
            Add arbitrary metadata information.
            </summary>
        </member>
        <member name="M:NuGetPe.AssemblyMetadata.AssemblyMetadataReader.ReadMetaData(System.String)">
            <summary>
            Expects a PE file
            </summary>
            <param name="assemblyPath"></param>
            <returns></returns>
        </member>
        <member name="T:NuGetPe.Resources.NuGetResources">
            <summary>
              A strongly-typed resource class, for looking up localized strings, etc.
            </summary>
        </member>
        <member name="P:NuGetPe.Resources.NuGetResources.ResourceManager">
            <summary>
              Returns the cached ResourceManager instance used by this class.
            </summary>
        </member>
        <member name="P:NuGetPe.Resources.NuGetResources.Culture">
            <summary>
              Overrides the current thread's CurrentUICulture property for all
              resource lookups using this strongly typed resource class.
            </summary>
        </member>
        <member name="P:NuGetPe.Resources.NuGetResources.CannotCreateEmptyPackage">
            <summary>
              Looks up a localized string similar to Cannot create a package that has no dependencies nor content..
            </summary>
        </member>
        <member name="P:NuGetPe.Resources.NuGetResources.DependencyHasInvalidVersion">
            <summary>
              Looks up a localized string similar to Dependency &apos;{0}&apos; has an invalid version..
            </summary>
        </member>
        <member name="P:NuGetPe.Resources.NuGetResources.DuplicateDependenciesDefined">
            <summary>
              Looks up a localized string similar to &apos;{0}&apos; already has a dependency defined for &apos;{1}&apos;..
            </summary>
        </member>
        <member name="P:NuGetPe.Resources.NuGetResources.ErrorReadingFile">
            <summary>
              Looks up a localized string similar to Error reading &apos;{0}&apos;..
            </summary>
        </member>
        <member name="P:NuGetPe.Resources.NuGetResources.IncompatibleSchema">
            <summary>
              Looks up a localized string similar to The schema version of &apos;{0}&apos; is incompatible with version {1} of NuGet Package Explorer. Please upgrade NuGet Package Explorer to the latest version..
            </summary>
        </member>
        <member name="P:NuGetPe.Resources.NuGetResources.InvalidFeed">
            <summary>
              Looks up a localized string similar to There was an error while processing the request. Please verify that &apos;{0}&apos; is a valid feed..
            </summary>
        </member>
        <member name="P:NuGetPe.Resources.NuGetResources.InvalidFrameworkNameFormat">
            <summary>
              Looks up a localized string similar to Invalid framework name format. Expected {framework}{version}-{profile}..
            </summary>
        </member>
        <member name="P:NuGetPe.Resources.NuGetResources.InvalidPackageId">
            <summary>
              Looks up a localized string similar to The package ID &apos;{0}&apos; contains invalid characters. Examples of valid package IDs include &apos;MyPackage&apos; and &apos;MyPackage.Sample&apos;..
            </summary>
        </member>
        <member name="P:NuGetPe.Resources.NuGetResources.InvalidVersionString">
            <summary>
              Looks up a localized string similar to &apos;{0}&apos; is not a valid version string..
            </summary>
        </member>
        <member name="P:NuGetPe.Resources.NuGetResources.Manifest_DependenciesHasMixedElements">
            <summary>
              Looks up a localized string similar to &lt;dependencies&gt; element must not contain both &lt;group&gt; and &lt;dependency&gt; child elements..
            </summary>
        </member>
        <member name="P:NuGetPe.Resources.NuGetResources.Manifest_DependencyIdRequired">
            <summary>
              Looks up a localized string similar to Dependency Id is required..
            </summary>
        </member>
        <member name="P:NuGetPe.Resources.NuGetResources.Manifest_ExcludeContainsInvalidCharacters">
            <summary>
              Looks up a localized string similar to Exclude path &apos;{0}&apos; contains invalid characters..
            </summary>
        </member>
        <member name="P:NuGetPe.Resources.NuGetResources.Manifest_IdMaxLengthExceeded">
            <summary>
              Looks up a localized string similar to Package Id cannot exceed 100 characters..
            </summary>
        </member>
        <member name="P:NuGetPe.Resources.NuGetResources.Manifest_InvalidMinClientVersion">
            <summary>
              Looks up a localized string similar to The &apos;minClientVersion&apos; attribute in the package manifest has invalid value. It must be a valid version string..
            </summary>
        </member>
        <member name="P:NuGetPe.Resources.NuGetResources.Manifest_InvalidPrereleaseDependency">
            <summary>
              Looks up a localized string similar to A stable release of a package should not have dependency on a prerelease package. Either modify the version spec of dependency &quot;{0}&quot; or update the version field..
            </summary>
        </member>
        <member name="P:NuGetPe.Resources.NuGetResources.Manifest_InvalidReference">
            <summary>
              Looks up a localized string similar to Invalid assembly reference &apos;{0}&apos;. Ensure that a file named &apos;{0}&apos; exists in the lib directory..
            </summary>
        </member>
        <member name="P:NuGetPe.Resources.NuGetResources.Manifest_InvalidSchemaNamespace">
            <summary>
              Looks up a localized string similar to Invalid schema namespace &apos;{0}&apos;..
            </summary>
        </member>
        <member name="P:NuGetPe.Resources.NuGetResources.Manifest_InvalidVersion">
            <summary>
              Looks up a localized string similar to No namespace was found corresponding to the schema version &apos;{0}&apos;. Add an entry to the VersionToSchemaMappings dictionary in &apos;{1}&apos;..
            </summary>
        </member>
        <member name="P:NuGetPe.Resources.NuGetResources.Manifest_ReferencesHasMixedElements">
            <summary>
              Looks up a localized string similar to &lt;references&gt; element must not contain both &lt;group&gt; and &lt;reference&gt; child elements..
            </summary>
        </member>
        <member name="P:NuGetPe.Resources.NuGetResources.Manifest_ReferencesIsEmpty">
            <summary>
              Looks up a localized string similar to The element package\metadata\references\group must contain at least one &lt;reference&gt; child element..
            </summary>
        </member>
        <member name="P:NuGetPe.Resources.NuGetResources.Manifest_RequiredMetadataMissing">
            <summary>
              Looks up a localized string similar to {0} is required..
            </summary>
        </member>
        <member name="P:NuGetPe.Resources.NuGetResources.Manifest_RequireLicenseAcceptanceRequiresLicenseUrl">
            <summary>
              Looks up a localized string similar to Enabling license acceptance requires a license url..
            </summary>
        </member>
        <member name="P:NuGetPe.Resources.NuGetResources.Manifest_SourceContainsInvalidCharacters">
            <summary>
              Looks up a localized string similar to Source path &apos;{0}&apos; contains invalid characters..
            </summary>
        </member>
        <member name="P:NuGetPe.Resources.NuGetResources.Manifest_TargetContainsInvalidCharacters">
            <summary>
              Looks up a localized string similar to Target path &apos;{0}&apos; contains invalid characters..
            </summary>
        </member>
        <member name="P:NuGetPe.Resources.NuGetResources.Manifest_UriCannotBeEmpty">
            <summary>
              Looks up a localized string similar to {0} cannot be empty..
            </summary>
        </member>
        <member name="P:NuGetPe.Resources.NuGetResources.MissingFrameworkName">
            <summary>
              Looks up a localized string similar to Framework name is missing..
            </summary>
        </member>
        <member name="P:NuGetPe.Resources.NuGetResources.PackageAuthoring_FileNotFound">
            <summary>
              Looks up a localized string similar to File not found: &apos;{0}&apos;..
            </summary>
        </member>
        <member name="P:NuGetPe.Resources.NuGetResources.PackageContentsVerifyError">
            <summary>
              Looks up a localized string similar to Failed to download package correctly. The contents of the package could not be verified..
            </summary>
        </member>
        <member name="P:NuGetPe.Resources.NuGetResources.PackageDoesNotContainManifest">
            <summary>
              Looks up a localized string similar to Package does not contain a manifest..
            </summary>
        </member>
        <member name="P:NuGetPe.Resources.NuGetResources.UnableToLocateWIF">
            <summary>
              Looks up a localized string similar to Connection to feed &apos;{0}&apos; requires the Windows Identity Foundation runtime to be installed..
            </summary>
        </member>
        <member name="P:NuGetPe.Resources.NuGetResources.UnableToResolveUri">
            <summary>
              Looks up a localized string similar to Unable to resolve &apos;{0}&apos;..
            </summary>
        </member>
        <member name="P:NuGetPe.Resources.NuGetResources.UnknownSchemaVersion">
            <summary>
              Looks up a localized string similar to Unknown schema version &apos;{0}&apos;..
            </summary>
        </member>
        <member name="P:NuGetPe.Resources.NuGetResources.UserSettings_KeyDoesNotExist">
            <summary>
              Looks up a localized string similar to Key &apos;{0}&apos; does not exist..
            </summary>
        </member>
        <member name="P:NuGetPe.Resources.NuGetResources.UserSettings_SectionDoesNotExist">
            <summary>
              Looks up a localized string similar to Section&apos;{0}&apos; does not exist..
            </summary>
        </member>
        <member name="P:NuGetPe.Resources.NuGetResources.UserSettings_UnableToParseConfigFile">
            <summary>
              Looks up a localized string similar to Unable to parse config file..
            </summary>
        </member>
        <member name="T:NuGetPe.PackageInfo">
            <summary>
            Encapsulates relevant NuGet package information.
            </summary>
        </member>
        <member name="M:NuGetPe.PackageInfo.#ctor(NuGet.Packaging.Core.PackageIdentity)">
            <summary>
            The <see cref="T:NuGetPe.PackageInfo"/> constructor.
            </summary>
            <param name="identity">
            The <see cref="T:NuGet.Packaging.Core.PackageIdentity"/> that this PackageInfo will represent.
            </param>
        </member>
        <member name="P:NuGetPe.PackageInfo.Identity">
            <summary>
            Gets the core package identity.
            </summary>
        </member>
        <member name="P:NuGetPe.PackageInfo.Id">
            <summary>
            Gets the name of the package.
            </summary>
        </member>
        <member name="P:NuGetPe.PackageInfo.SemanticVersion">
            <summary>
            Gets the <see cref="T:NuGet.Versioning.SemanticVersion"/> of the package.
            </summary>
        </member>
        <member name="P:NuGetPe.PackageInfo.Version">
            <summary>
            Gets the full string representation of the version.
            </summary>
        </member>
        <member name="P:NuGetPe.PackageInfo.Description">
            <summary>
            Gets or sets the full package description.
            </summary>
        </member>
        <member name="P:NuGetPe.PackageInfo.Summary">
            <summary>
            Gets or sets the short description of the package.
            </summary>
        </member>
        <member name="P:NuGetPe.PackageInfo.Authors">
            <summary>
            Gets or sets the comma-separated list of packages authors.
            </summary>
        </member>
        <member name="P:NuGetPe.PackageInfo.DownloadCount">
            <summary>
            Gets or sets the number of package downloads.
            </summary>
        </member>
        <member name="P:NuGetPe.PackageInfo.Published">
            <summary>
            Gets or sets the time of the packages publishing.
            </summary>
        </member>
        <member name="P:NuGetPe.PackageInfo.IconUrl">
            <summary>
            Gets or sets the url to the package icon.
            </summary>
        </member>
        <member name="P:NuGetPe.PackageInfo.LicenseUrl">
            <summary>
            Gets or sets the url to the package license information.
            </summary>
        </member>
        <member name="P:NuGetPe.PackageInfo.ProjectUrl">
            <summary>
            Gets or sets the url to the package website.
            </summary>
        </member>
        <member name="P:NuGetPe.PackageInfo.Tags">
            <summary>
            Gets or sets the space-delimited list of tags and keywords that describe the package.
            </summary>
        </member>
        <member name="P:NuGetPe.PackageInfo.ReportAbuseUrl">
            <summary>
            Gets or sets the url to report abuse of the package.
            </summary>
        </member>
        <member name="P:NuGetPe.PackageInfo.IsPrefixReserved">
            <summary>
            Gets or sets whether or not the package ID has a reserved prefix.
            </summary>
        </member>
        <member name="P:NuGetPe.PackageInfo.IsRemotePackage">
            <summary>
            Gets or sets whether or not the package is hosted on a remote feed.
            </summary>
        </member>
        <member name="P:NuGetPe.PackageInfo.DeprecationInfo">
            <summary>
            Gets or sets set package deprecation info.
            </summary>
        </member>
        <member name="P:NuGetPe.PackageInfo.IsUnlisted">
            <summary>
            Gets whether or not the package is currently published.
            </summary>
        </member>
        <member name="P:NuGetPe.PackageInfo.IsPrerelease">
            <summary>
            Gets whether or not the package is marked as pre-release.
            </summary>
        </member>
        <member name="M:NuGetPe.ZipPackage.MyPackageArchiveReader.#ctor(System.IO.Stream,System.Boolean)">
            <summary>Nupkg package reader</summary>
            <param name="stream">Nupkg data stream.</param>
            <param name="leaveStreamOpen">If true the nupkg stream will not be closed by the zip reader.</param>
        </member>
        <member name="T:NuGetPe.MachineCache">
            <summary>
            The machine cache represents a location on the machine where packages are cached. It is a specific implementation of a local repository and can be used as such.
            </summary>
        </member>
        <member name="M:NuGetPe.MachineCache.GetCachePath">
            <summary>
            Determines the cache path to use for NuGet.exe. By default, NuGet caches files under %LocalAppData%\NuGet\Cache.
            This path can be overridden by specifying a value in the NuGetCachePath environment variable.
            </summary>
        </member>
        <member name="P:NuGetPe.SymbolValidator.IsPublicPackage">
            <summary>
            Package is available from a public feed
            </summary>
        </member>
        <member name="F:NuGetPe.SymbolValidationResult.Valid">
            <summary>
            Everything checks out and symbols are in the package
            </summary>
        </member>
        <member name="F:NuGetPe.SymbolValidationResult.ValidExternal">
            <summary>
            Valid with symbol servers
            </summary>
        </member>
        <member name="F:NuGetPe.SymbolValidationResult.InvalidSourceLink">
            <summary>
            Source Link exists but has errors
            </summary>
        </member>
        <member name="F:NuGetPe.SymbolValidationResult.NoSourceLink">
            <summary>
            Missing source link data
            </summary>
        </member>
        <member name="F:NuGetPe.SymbolValidationResult.NoSymbols">
            <summary>
            No symbols found
            </summary>
        </member>
        <member name="F:NuGetPe.SymbolValidationResult.NothingToValidate">
            <summary>
            No relevant files to validate.
            </summary>
        </member>
        <member name="F:NuGetPe.SymbolValidationResult.HasUntrackedSources">
            <summary>
            Valid/ValidExternal except contains untracked sources
            </summary>
        </member>
        <member name="F:NuGetPe.DeterministicResult.Valid">
            <summary>
            Assembly and sources are deterministic
            </summary>
        </member>
        <member name="F:NuGetPe.DeterministicResult.NonDeterministic">
            <summary>
            Source and assembly are not deterministic
            </summary>
        </member>
        <member name="F:NuGetPe.DeterministicResult.NothingToValidate">
            <summary>
            No relevant files to validate.
            </summary>
        </member>
        <member name="F:NuGetPe.DeterministicResult.HasUntrackedSources">
            <summary>
            Valid but has untracked sources
            </summary>
        </member>
        <member name="F:NuGetPe.HasCompilerFlagsResult.Present">
            <summary>
            Symbols have compiler flag data
            </summary>
        </member>
        <member name="F:NuGetPe.HasCompilerFlagsResult.Missing">
            <summary>
            Symbols do not have compiler flag data
            </summary>
        </member>
        <member name="F:NuGetPe.HasCompilerFlagsResult.NothingToValidate">
            <summary>
            No relevant files to validate.
            </summary>
        </member>
        <member name="M:NuGetPe.ManifestUtility.ReplaceTokenWithMetadata(System.String)">
            <summary>
            Goes from $token$ to a marker value with 0.0.0+TOKENSTART.token.TOKENEND
            </summary>
            <param name="value"></param>
            <returns></returns>
        </member>
        <member name="M:NuGetPe.ManifestUtility.ReplaceMetadataWithToken(System.String)">
            <summary>
            Goes from marker 0.0.0+TOKENSTART.token.TOKENEND to the token $token$
            </summary>
            <param name="value"></param>
            <returns></returns>
        </member>
    </members>
</doc>
